Event name,Image,Day,Time,Place,Price,Attendees,Tags,Views count
QA¬†(Manual)¬†‚Äî –±–µ–∑–æ–ø–ª–∞—Ç–Ω–∞ —ñ–Ω—Ç–µ—Ä–Ω–∞—Ç—É—Ä–∞ –∑¬†–º–æ–∂–ª–∏–≤—ñ—Å—Ç—é –ø—Ä–æ–¥–æ–≤–∂–µ–Ω–Ω—è –∫–∞—Ä º—î—Ä–∏ –≤¬†HYS Enterprise,https://s.dou.ua/CACHE/images/img/events/HYS/dea6541d5cab516b41968647d42a9fcf.png,12 –ª—é—Ç–æ–≥–æ (–ø–æ–Ω–µ–¥—ñ–ª–æ–∫),,Online,–±–µ–∑–∫–æ—à—Ç–æ–≤–Ω–æ,"https://dou.ua/users/helen-helen-4/, https://dou.ua/users/vova-m/, https://dou.ua/users/bogdan-leschenko-1/, https://dou.ua/users/viktoriya-taran-1/, https://dou.ua/users/konovalovmisha/, https://dou.ua/users/oksana-tischenko-2/, https://dou.ua/users/nazar-proskurnya/, https://dou.ua/users/ollyqa/, https://dou.ua/users/irina-degtyareva-2/, https://dou.ua/users/hrimach-dmitriy/, https://dou.ua/users/andrew-kinree/, https://dou.ua/users/olexandr-slobodyaniuk/, https://dou.ua/users/aleksandra-sagaliyas-1/, https://dou.ua/users/emma-belikova/, https://dou.ua/users/elena-pogoda/, https://dou.ua/users/sofiya-korenkovskaya/, https://dou.ua/users/oleksandra-kohuch/, https://dou.ua/users/anny-cherkalina/, https://dou.ua/users/nekabrat/, https://dou.ua/users/xitkoalex/, https://dou.ua/users/dima-nenich/, https://dou.ua/users/egor-popov-1/, https://dou.ua/users/denys-vasyliev-4/, https://dou.ua/users/vitalij-tsepkalo/, https://dou.ua/users/oleksii-nikolaiev/, https://dou.ua/users/tetiana-hordiichuk-2/, https://dou.ua/users/andrii-chopek/, https://dou.ua/users/kaban15021979/, https://dou.ua/users/olga-shapovalova-6/, https://dou.ua/users/viktor-deimon/, https://dou.ua/users/lfedoshamisha/, https://dou.ua/users/sergii-syrota/, https://dou.ua/users/ira-bodyan/, https://dou.ua/users/sergey-sokolovsky/, https://dou.ua/users/iuriy-koretskii/, https://dou.ua/users/olha-teplova/, https://dou.ua/users/tanya-hella/, https://dou.ua/users/darina-ladetska/, https://dou.ua/users/viacheslav-pylypenko/, https://dou.ua/users/serhii-skladannyi/, https://dou.ua/users/alex-alexander-1/, https://dou.ua/users/nadezhda-nadinsev/","junior, QA, –∫–∞—Ä‚Äô—î—Ä–∞, –∫—É—Ä—Å–∏, —Ç–µ—Å—Ç—É–≤–∞–Ω–Ω—è",4581
Node.js Development Course at¬†Solvd,https://s.dou.ua/CACHE/images/img/events/solvd_logo/d33dd52941ba797e4741731e8101ec84.png,12 February (Monday),,online,Free,"https://dou.ua/users/illia-melnyk/, https://dou.ua/users/vlad-kovalchuk-6/, https://dou.ua/users/sofi-tymechko/, https://dou.ua/users/vragno01/, https://dou.ua/users/oleksii-khomaziuk/, https://dou.ua/users/pollishell/, https://dou.ua/users/yarik-moroz/, https://dou.ua/users/artem-komov-1/, https://dou.ua/users/bogdan-demchuk-1/, https://dou.ua/users/diana-cherednyk-1/, https://dou.ua/users/sergej-kilivnik/, https://dou.ua/users/misha-mishin-2/, https://dou.ua/users/patr1k1035/, https://dou.ua/users/alex-prykh/, https://dou.ua/users/vadim-bondarchuk-3/, https://dou.ua/users/hrimach-dmitriy/, https://dou.ua/users/evgenii-galamaga/, https://dou.ua/users/keniiz-illya/, https://dou.ua/users/vladymyr-mazepa/, https://dou.ua/users/andriy-myckulych/, https://dou.ua/users/viktor-zozulia/, https://dou.ua/users/volodimir-maselko/, https://dou.ua/users/mariia-tkachova/, https://dou.ua/users/huell-babineaux/, https://dou.ua/users/olga-obushchak-1/, https://dou.ua/users/rudiywork/, https://dou.ua/users/kristina-shloma/, https://dou.ua/users/denis-sitnik/, https://dou.ua/users/aleksandr-chernobryvka/, https://dou.ua/users/vyacheslav-zolotarov/, https://dou.ua/users/lenya-cher/, https://dou.ua/users/andrii-chopek/, https://dou.ua/users/kateryna-mordovtseva/, https://dou.ua/users/vasil-grits-1/, https://dou.ua/users/oleksandr-maksymenko-2/, https://dou.ua/users/anton-vinnik/, https://dou.ua/users/valeriy-khinev/, https://dou.ua/users/olga1chernova/, https://dou.ua/users/danyl-pohrebniak/, https://dou.ua/users/albina-yevtushenko/, https://dou.ua/users/vika-kozerema/, https://dou.ua/users/bogdan-koropatnitskii/, https://dou.ua/users/vladislav-roshcheniuk/, https://dou.ua/users/liubomyr-lutskyi/, https://dou.ua/users/anton-mahdysiuk/, https://dou.ua/users/yaroslav-kostiv/, https://dou.ua/users/yurii-dilai/, https://dou.ua/users/ronalli/, https://dou.ua/users/daniel-m-1/, https://dou.ua/users/max-batykovich/, https://dou.ua/users/sasha-zaharen/, https://dou.ua/users/timur-know/, https://dou.ua/users/lesya-savka/, https://dou.ua/users/artem-chaplinskii/, https://dou.ua/users/pavlo-yurchenko/, https://dou.ua/users/serhiy-horodetskiy/, https://dou.ua/users/oleg-korzh/, https://dou.ua/users/dmytro-didukh-2/, https://dou.ua/users/absolut-lut/, https://dou.ua/users/vitalii-oliferchuk/","node.js, –∫–∞—Ä‚Äô—î—Ä–∞, –∫—É—Ä—Å–∏, —Ç–µ—Ö–Ω–æ–ª–æ–≥—ñ—ó",4291
DataArt Winter IT¬†Camp 2024,https://s.dou.ua/CACHE/images/img/events/DataArt-Winter-Trainee-2024-banner-590x360/1e9846ad921fe8d0824738ad27d4f042.png,12 –ª—é—Ç–æ–≥–æ (–ø–æ–Ω–µ–¥—ñ–ª–æ–∫),11 –ª—é—Ç–æ–≥–æ,online and offline —É –õ—å–≤–æ–≤—ñ,–±–µ–∑–∫–æ—à—Ç–æ–≤–Ω–æ,"https://dou.ua/users/oleksandr-tisyak/, https://dou.ua/users/taras-senytsia/, https://dou.ua/users/roman_paliy_qa/, https://dou.ua/users/catherine-petrova/, https://dou.ua/users/ilona-scherbuk/, https://dou.ua/users/tanya-maltseva/, https://dou.ua/users/mariana-yermolova/, https://dou.ua/users/kaban15021979/, https://dou.ua/users/1qalexq1/","QA, –±–µ–∑–ø–µ–∫–∞, –≤–æ—Ä–∫—à–æ–ø, –∫–∞—Ä‚Äô—î—Ä–∞, –º–∞—Ä–∫–µ—Ç–∏–Ω–≥, —Ç–µ—Ö–Ω–æ–ª–æ–≥—ñ—ó",1096
–•–∞–∫–∞—Ç–æ–Ω ¬´–Ü–Ω–Ω–æ–≤–∞—Ü—ñ—ó —É¬†—Å—Ñ–µ—Ä—ñ deep-tech¬ª,https://s.dou.ua/CACHE/images/img/events/photo_2024-01-08_12-00-28/f50687a3af8193606f9c7cfa25105bd1.png,12 –ª—é—Ç–æ–≥–æ (–ø–æ–Ω–µ–¥—ñ–ª–æ–∫),12 –ª—é—Ç–æ–≥–æ,–æ–Ω–ª–∞–π–Ω,–±–µ–∑–∫–æ—à—Ç–æ–≤–Ω–æ,,"junior, –±—ñ–∑–Ω–µ—Å, –¥–∏–∑–∞–π–Ω, –∫–∞—Ä‚Äô—î—Ä–∞, –º–∞—Ä–∫–µ—Ç–∏–Ω–≥, —Ç–µ—Ö–Ω–æ–ª–æ–≥—ñ—ó, —Ö–∞–∫–∞—Ç–æ–Ω",451
–ü–æ–≤–Ω–∏–π –∫—É—Ä—Å .NET Developer –≤—ñ–¥ SoftServe Academy,https://s.dou.ua/CACHE/images/img/events/c_12.02_CC/c0cf9aeae62bf247063b15bb0eeabe14.png,12 –ª—é—Ç–æ–≥–æ (–ø–æ–Ω–µ–¥—ñ–ª–æ–∫),,Online,–ø–µ—Ä—à–∏–π –ø–ª–∞—Ç—ñ–∂ 12999 –≥—Ä–Ω,,".NET, –∫—É—Ä—Å–∏, —Ç–µ—Ö–Ω–æ–ª–æ–≥—ñ—ó",448
–¢–∏–∂–¥–µ–Ω—å –≤—ñ–¥–∫—Ä–∏—Ç–∏—Ö –ª–µ–∫—Ü—ñ–π ¬´Genesis Design Week¬ª,https://s.dou.ua/CACHE/images/img/events/FB_and_TG_rof7unY/ea8c5a9850128976ac4872a7e7388d6c.png,12 ‚Äî 19 –ª—é—Ç–æ–≥–æ,19:00,online,–±–µ–∑–∫–æ—à—Ç–æ–≤–Ω–æ,"https://dou.ua/users/alex-boychenko/, https://dou.ua/users/chernigov408/, https://dou.ua/users/dmitriy-shamayko/, https://dou.ua/users/kathryn-garcia/, https://dou.ua/users/anna-koroleva-3/, https://dou.ua/users/natali-radchenko/, https://dou.ua/users/olya-chuhalenko/, https://dou.ua/users/vladislava-telyashenko/","junior, product, –≤–æ—Ä–∫—à–æ–ø, –¥–∏–∑–∞–π–Ω",444
–ë–µ–∑–∫–æ—à—Ç–æ–≤–Ω–∏–π –æ–Ω–ª–∞–π–Ω-–∫—É—Ä—Å ¬´Sales Manager in¬†IT¬ª –≤—ñ–¥ JOIDY,https://s.dou.ua/CACHE/images/img/events/photo_2024-01-31_15-49-41/6f929112996eadaad5abcad3b3b31eab.png,12 –ª—é—Ç–æ–≥–æ (–ø–æ–Ω–µ–¥—ñ–ª–æ–∫),8 –ª—é—Ç–æ–≥–æ,–æ–Ω–ª–∞–π–Ω,–±–µ–∑–∫–æ—à—Ç–æ–≤–Ω–æ,"https://dou.ua/users/oleg-kozlovets/, https://dou.ua/users/mariana-yermolova/, https://dou.ua/users/anastasiya-kuzmenko-4/, https://dou.ua/users/taras-senytsia/, https://dou.ua/users/fromjkee-white/, https://dou.ua/users/annimosienko/, https://dou.ua/users/yaroslava-ivanovich/, https://dou.ua/users/aleksandr-gulevatyii/, https://dou.ua/users/margarita-zaozernaya/, https://dou.ua/users/vladimir-bazel/, https://dou.ua/users/denis-yesman/","Sales, –∫–∞—Ä'—î—Ä–∞, –∫—É—Ä—Å–∏",349
Live-–∫—É—Ä—Å ¬´Next.js v.14: —Å—Ç–≤–æ—Ä–µ–Ω–Ω—è SPA &¬†SSR-–∑–∞—Å—Ç–æ—Å—É–Ω–∫—ñ–≤¬ª –≤—ñ–¥ LECTRUM,https://s.dou.ua/CACHE/images/img/events/Live-%D0%BA%D1%83%D1%80%D1%81_Next.js_v14/e37b65f1d56b7c5797b5e7fa3a415e35.png,12 –ª—é—Ç–æ–≥–æ (–ø–æ–Ω–µ–¥—ñ–ª–æ–∫),,"Online, –ø—Ä—è–º–∏–π –µ—Ñ—ñ—Ä","–î–µ–∫—ñ–ª—å–∫–∞ —Ç–∞—Ä–∏—Ñ—ñ–≤, –¥–æ—Å—Ç—É–ø–Ω–∞ –æ–ø–ª–∞—Ç–∞ —á–∞—Å—Ç–∏–Ω–∞–º–∏",https://dou.ua/users/nataliia-jefimockina/,"Front-end, JavaScript, junior, –∫–∞—Ä‚Äô—î—Ä–∞, –∫—É—Ä—Å–∏, —Ç–µ—Ö–Ω–æ–ª–æ–≥—ñ—ó",136
–õ–µ–∫—Ü—ñ—è ¬´–î–µ¬†–¥–∏–∑–∞–π–Ω–µ—Ä—É —à—É–∫–∞—Ç–∏ —Å–µ–±–µ –≤¬†–ø—Ä–æ–¥—É–∫—Ç–æ–≤–æ–º—É¬†IT?¬ª,https://s.dou.ua/CACHE/images/img/events/1_zJLm4af/eae4b5f337a6dee0832787a16554ab99.png,12 –ª—é—Ç–æ–≥–æ (–ø–æ–Ω–µ–¥—ñ–ª–æ–∫),19:00,online,–±–µ–∑–∫–æ—à—Ç–æ–≤–Ω–æ,,"product, –≤–µ–±—ñ–Ω–∞—Ä, –¥–∏–∑–∞–π–Ω, –∫–∞—Ä‚Äô—î—Ä–∞",2
–ü—Ä–æ–≥—Ä–∞–º–∞ –≤—ñ–¥ Google ¬´–†–æ–∑–≤–∏–≤–∞–π—Ç–µ –∫–∞—Ä‚Äô—î—Ä—É —ñ–∑¬†Google Cloud: AI¬†& Data¬ª,https://s.dou.ua/CACHE/images/img/events/Google_Cloud_blog/27cf9f6a52b172560afdb418af732ba6.png,13 –ª—é—Ç–æ–≥–æ ‚Äî 31 –±–µ—Ä–µ–∑–Ω—è,,–û–Ω–ª–∞–π–Ω,–±–µ–∑–∫–æ—à—Ç–æ–≤–Ω–æ,"https://dou.ua/users/oleksandra-levadska/, https://dou.ua/users/ihor-boichuk/, https://dou.ua/users/alina-shevchuk-2/, https://dou.ua/users/tr-22-hnyukalo-viktoriya/, https://dou.ua/users/ichtudirweh1998/, https://dou.ua/users/andrii-khazins/, https://dou.ua/users/alla-honcharova/, https://dou.ua/users/volodymyr-lazor/, https://dou.ua/users/oleg-storozhev/, https://dou.ua/users/sergii-tigranovich-geraschenko/, https://dou.ua/users/oleksii-haivoronskyi/, https://dou.ua/users/vlad-slyzkoukhyi/, https://dou.ua/users/anastasiya-maksimivna-shamardina/, https://dou.ua/users/yaroslav-gajdaj-1/, https://dou.ua/users/sergeyiklenko/, https://dou.ua/users/kateryna-korol-khoma/, https://dou.ua/users/anastasiya-tsimbelman/, https://dou.ua/users/viktor-milashenko/, https://dou.ua/users/iryna-bondarenko-7/, https://dou.ua/users/andrey-gnat/, https://dou.ua/users/norb-vitka/, https://dou.ua/users/yelyzaveta-kushneryk/, https://dou.ua/users/max-bashmanivskiy/, https://dou.ua/users/olha-kyrychanska/, https://dou.ua/users/sebastian-runscope/, https://dou.ua/users/anastasia-sukhorukova/, https://dou.ua/users/anna-talpa/, https://dou.ua/users/maksim-filipenko/, https://dou.ua/users/daniil-polishchuk-1/, https://dou.ua/users/liudmylapuzrakova/, https://dou.ua/users/strelkova2004/, https://dou.ua/users/banderaua/, https://dou.ua/users/anna-shevchenko-9/, https://dou.ua/users/dmitrij-kuharenko/, https://dou.ua/users/valeria-makedonskaya-1/, https://dou.ua/users/anastasiya-pozdnyakova-1/, https://dou.ua/users/bogdana-turchyn/, https://dou.ua/users/den4ikmasal/, https://dou.ua/users/tetyana-bilanyuk/, https://dou.ua/users/alina-poliatykina/, https://dou.ua/users/lazarev-evgenii/, https://dou.ua/users/igor-petrenko-4/, https://dou.ua/users/alina-kostenko/, https://dou.ua/users/mykhailo-omelchenko/, https://dou.ua/users/nikole-lesnaya/, https://dou.ua/users/artem-skorobagach/, https://dou.ua/users/anastasiya-zhuga-3/, https://dou.ua/users/natasha-ivanitska/, https://dou.ua/users/llfredlyll/, https://dou.ua/users/nikita-notych/, https://dou.ua/users/oleksandr-kitsun/, https://dou.ua/users/yullia-soloviova/, https://dou.ua/users/dmitrii-kostenko-1/, https://dou.ua/users/lyudmila-golubenko/, https://dou.ua/users/oleg-ivashko-2/, https://dou.ua/users/michael-shylo/, https://dou.ua/users/max-batykovich/, https://dou.ua/users/duude92/, https://dou.ua/users/alina-vasylyshyn-1/, https://dou.ua/users/pavlo-kuravskyi/, https://dou.ua/users/fisunens/, https://dou.ua/users/bogdan-burka/, https://dou.ua/users/masalov-dmytro/, https://dou.ua/users/victoriia-levytska/, https://dou.ua/users/webstudio-controlstyle/, https://dou.ua/users/mila-bibik/, https://dou.ua/users/vlad-tsiperko/, https://dou.ua/users/garagulya/, https://dou.ua/users/alex-prykh/, https://dou.ua/users/eduard-romanenko/, https://dou.ua/users/igor-semenyuk/, https://dou.ua/users/dima-sahno/, https://dou.ua/users/olesya-teryda/, https://dou.ua/users/anastasia-makhomet/, https://dou.ua/users/vladyslav-poltavets/","AI, cloud, junior, –∫–∞—Ä‚Äô—î—Ä–∞, –∫—É—Ä—Å–∏, —Ç–µ—Ö–Ω–æ–ª–æ–≥—ñ—ó",4213
–ë–µ–∑–∫–æ—à—Ç–æ–≤–Ω–∏–π –∫—É—Ä—Å ‚ÄúEmpat School Full Stack &¬†Flutter Program‚Äù,https://s.dou.ua/CACHE/images/img/events/small-logo-2/d1afa2c8260236d327f691923b70381d.png,13 –ª—é—Ç–æ–≥–æ (–≤—ñ–≤—Ç–æ—Ä–æ–∫),,Online,–ë–µ–∑–∫–æ—à—Ç–æ–≤–Ω–æ,"https://dou.ua/users/anastasiia-tymoshenko-4/, https://dou.ua/users/igor-repeta/, https://dou.ua/users/alla-husakovska-1/, https://dou.ua/users/yaroslav-melnichenko-2/, https://dou.ua/users/anton-mahdysiuk/, https://dou.ua/users/valentyna-polienova/, https://dou.ua/users/roman-paloha/, https://dou.ua/users/stytenko/, https://dou.ua/users/bohdan-halunka-1/, https://dou.ua/users/forckes/, https://dou.ua/users/mikola-zhukovskii/, https://dou.ua/users/pollishell/, https://dou.ua/users/hrimach-dmitriy/, https://dou.ua/users/legartak/, https://dou.ua/users/dmitrii-prudnik/, https://dou.ua/users/yurii-dilai/, https://dou.ua/users/elizabeth-klymenko/, https://dou.ua/users/andreogit/, https://dou.ua/users/yuliya-buta/, https://dou.ua/users/valeriya-dokukina/, https://dou.ua/users/illya-vodolyeyev/, https://dou.ua/users/illya-babelnik/, https://dou.ua/users/stanislav-gorokh/, https://dou.ua/users/misha-ivanchenko/, https://dou.ua/users/yura-ogorodnik-1/, https://dou.ua/users/maks-gavrilyuk-1/, https://dou.ua/users/oleksandr-khvostov/, https://dou.ua/users/maksym-prokopenko-1/, https://dou.ua/users/max-bashmanivskiy/, https://dou.ua/users/maks-lipko/, https://dou.ua/users/max-batykovich/, https://dou.ua/users/maksym-zhuk/, https://dou.ua/users/nazar-yaremiy-1/, https://dou.ua/users/taras-protsiv/, https://dou.ua/users/nazar-gulyk/","junior, –∫–∞—Ä‚Äô—î—Ä–∞, –∫—É—Ä—Å–∏, —Ç–µ—Ö–Ω–æ–ª–æ–≥—ñ—ó",3350
üíì –ö–æ–Ω–∫—É—Ä—Å 2D/3D –∞—Ä—Ç—ñ–≤ –¥–æ¬†–î–Ω—è –°–≤—è—Ç–æ–≥–æ –í–∞–ª–µ–Ω—Ç–∏–Ω–∞ –≤—ñ–¥ GameDev DOU —Ç–∞¬†CG¬†Cats. –°–µ—Ä–µ–¥ –ø—Ä–∏–∑—ñ–≤¬†‚Äî –∫–≤–∏—Ç–∫–∏ –Ω–∞¬†Games Gathering ‚Äô24 Lviv,https://s.dou.ua/CACHE/images/img/events/2d-3d-art-competition-840/a35bd22cc35449ca3f8d205d0036fa63.png,13 –ª—é—Ç–æ–≥–æ (–≤—ñ–≤—Ç–æ—Ä–æ–∫),13 –ª—é—Ç–æ–≥–æ,GameDev DOU,–±–µ–∑–∫–æ—à—Ç–æ–≤–Ω–æ,,"3D, DOU events, gamedev, –¥–∏–∑–∞–π–Ω, –∫–∞—Ä‚Äô—î—Ä–∞, –∫–æ–Ω–∫—É—Ä—Å",836
Webinar ‚ÄúVisual Software Testing Tools with¬†AI in¬†2024‚Äù,https://s.dou.ua/CACHE/images/img/events/420615715_786900780120658_9019834621160771464_n/7c6cb9ab086256219fbdd4c63a9cedd3.png,13 February (Tuesday),19:00,Online,Free,"https://dou.ua/users/olena-vashchenko-2/, https://dou.ua/users/pusk-raketi/, https://dou.ua/users/anastasiya-andronova/, https://dou.ua/users/andrej-blakitnyij-1/, https://dou.ua/users/inna-s/, https://dou.ua/users/viktoriya-shevchenko-3/, https://dou.ua/users/nazarij-bilogras/, https://dou.ua/users/tanya-maltseva/, https://dou.ua/users/catherine-petrova/, https://dou.ua/users/maria-zhygalina/, https://dou.ua/users/yuliia-studenna/","AI, QA, –≤–µ–±—ñ–Ω–∞—Ä, —Ç–µ—Å—Ç—É–≤–∞–Ω–Ω—è",269
–ö—É—Ä—Å DevOps –≤—ñ–¥ Platma Academy,https://s.dou.ua/CACHE/images/img/events/banner2_1080_1080/deb3fbedcccefdfccfd3485821198361.png,13 –ª—é—Ç–æ–≥–æ (–≤—ñ–≤—Ç–æ—Ä–æ–∫),,–û–Ω–ª–∞–π–Ω,30 000 –≥—Ä–Ω,,"DevOps, –∫–∞—Ä‚Äô—î—Ä–∞, –∫—É—Ä—Å–∏, —Ç–µ—Ö–Ω–æ–ª–æ–≥—ñ—ó",259
–ë–µ–∑–∫–æ—à—Ç–æ–≤–Ω–∞ –õ–µ–∫—Ü—ñ—è Power BI¬†vs Excel,https://s.dou.ua/CACHE/images/img/events/9NODate/a00ff2f84814bf85a29e14a52c532c2d.png,13 –ª—é—Ç–æ–≥–æ (–≤—ñ–≤—Ç–æ—Ä–æ–∫),19:00,–û–Ω–ª–∞–π–Ω,–ë–µ–∑–∫–æ—à—Ç–æ–≤–Ω–æ,"https://dou.ua/users/maksim-bilous-2/, https://dou.ua/users/oksana-pukas/, https://dou.ua/users/nataliia-tyshchenko-2/","BI, Data Science, –≤–µ–±—ñ–Ω–∞—Ä",185
–ú—ñ—Å—è—á–Ω–∏–π –ø—Ä–∞–∫—Ç–∏–∫—É–º –∑¬†–Ω–∞–≤–∞–Ω—Ç–∞–∂—É–≤–∞–ª—å–Ω–æ–≥–æ —Ç–µ—Å—Ç—É–≤–∞–Ω–Ω—è JMeter,https://s.dou.ua/CACHE/images/img/events/jmeter/bf47a2063169a1c8962f310ad15d7131.png,13 –ª—é—Ç–æ–≥–æ (–≤—ñ–≤—Ç–æ—Ä–æ–∫),20:00,online,3500 –≥—Ä–Ω.,"https://dou.ua/users/lora-mas/, https://dou.ua/users/andrii-nesterenko-1/, https://dou.ua/users/sergii-nosenko-1/, https://dou.ua/users/alina-makar-2/","QA, –∫–∞—Ä‚Äô—î—Ä–∞, –∫—É—Ä—Å–∏, —Ç–µ—Å—Ç—É–≤–∞–Ω–Ω—è, —Ç–µ—Ö–Ω–æ–ª–æ–≥—ñ—ó",161
–û–ª–µ–∫—Å–∞–Ω–¥—Ä –ü–µ–Ω—è¬†‚Äî –ß–æ–º—É –≤–∞—à —Å–∫—Ä–∞–º –Ω–µ¬†–ø—Ä–∞—Ü—é—î¬†| –°—É–≤–æ—Ä–µ QA¬†Community,https://s.dou.ua/CACHE/images/img/events/_qa-community_vPzL4eu/c77cb6db69a7004c240c1104d9335d70.png,13 –ª—é—Ç–æ–≥–æ (–≤—ñ–≤—Ç–æ—Ä–æ–∫),19:00,Zoom,–ë–µ–∑–∫–æ—à—Ç–æ–≤–Ω–æ,,"QA, Scrum, –≤–µ–±—ñ–Ω–∞—Ä, —Ç–µ—Å—Ç—É–≤–∞–Ω–Ω—è",94
–ó—É—Å—Ç—Ä—ñ—á ¬´–ó–∞–ø—É—Å–∫ –≤–ª–∞—Å–Ω–æ–≥–æ –ø—Ä–æ–¥—É–∫—Ç—É: –≤—ñ–¥ —Ä–æ–∑—Ä–æ–±–∫–∏ –¥–æ¬†–≤–∏—Ö–æ–¥—É –Ω–∞¬†—Ä–∏–Ω–æ–∫¬ª,https://s.dou.ua/CACHE/images/img/events/photo_2024-02-11_00-06-43/6b4cb8eb16bdbbc7bec18958828f3ac0.png,13 –ª—é—Ç–æ–≥–æ (–≤—ñ–≤—Ç–æ—Ä–æ–∫),18:00,"–ö–∏—ó–≤, –§–∞–∫—É–ª—å—Ç–µ—Ç –∫–æ–º–ø'—é—Ç–µ—Ä–Ω–∏—Ö –Ω–∞—É–∫ —Ç–∞ –∫—ñ–±–µ—Ä–Ω–µ—Ç–∏–∫–∏ –ö–ù–£",–±–µ–∑–∫–æ—à—Ç–æ–≤–Ω–æ,"https://dou.ua/users/yuriy-ryzhkin/, https://dou.ua/users/mark-yavorskyi/, https://dou.ua/users/gdsc-knu/, https://dou.ua/users/katya-solovii/, https://dou.ua/users/anastasia-promotska/","product, –≤–µ–±—ñ–Ω–∞—Ä, –º–∞—Ä–∫–µ—Ç–∏–Ω–≥, –º–µ–Ω–µ–¥–∂–º–µ–Ω—Ç",90
Online event ‚ÄúMobile testing: WIX¬†way‚Äù,https://s.dou.ua/CACHE/images/img/events/wix/df9476d08f8716599d4f6b6444f8b9b2.png,13 –ª—é—Ç–æ–≥–æ (–≤—ñ–≤—Ç–æ—Ä–æ–∫),19:00,Online,–±–µ–∑–∫–æ—à—Ç–æ–≤–Ω–æ,"https://dou.ua/users/pavlo-bilohaienko/, https://dou.ua/users/yuliia-studenna/","mobile, –≤–µ–±—ñ–Ω–∞—Ä, —Ç–µ—Ö–Ω–æ–ª–æ–≥—ñ—ó",73
–õ–µ–∫—Ü—ñ—è ¬´–Ø–∫¬†–ø–æ–±—É–¥—É–≤–∞—Ç–∏ –º–∞—Ç—Ä–∏—Ü—é –∫–æ–º–ø–µ—Ç–µ–Ω—Ü—ñ–π –¥–ª—è —Å–≤–æ–≥–æ –¥–∏–∑–∞–π–Ω-–≤—ñ–¥–¥—ñ–ª—É¬ª,https://s.dou.ua/CACHE/images/img/events/%D0%BE%D0%BB%D0%B5%D0%BA%D1%81%D0%B0%D0%BD%D0%B4%D1%80_%D0%B2%D0%B0%D0%BB%D1%8E%D1%81/53c90e2417af98f3e399cc15a61aff0a.png,13 –ª—é—Ç–æ–≥–æ (–≤—ñ–≤—Ç–æ—Ä–æ–∫),19:30,Online,199 –≥—Ä–Ω.,"https://dou.ua/users/mariya-lozben/, https://dou.ua/users/elena-ped/, https://dou.ua/users/valeriia-yakushyna/","–≤–µ–±—ñ–Ω–∞—Ä, –¥–∏–∑–∞–π–Ω",57
